username,user_country,starttime,startday,starthour
POLYMATHIC,NLD,2025-09-23T17:00:00,23-Sep,17:00
POLYMATHIC,NLD,2025-09-23T19:00:00,23-Sep,19:00
POLYMATHIC,NLD,2025-09-23T21:00:00,23-Sep,21:00
elozyz,CAN,2025-09-23T23:00:00,23-Sep,23:00
EZEHdnb,,2025-09-24T01:00:00,24-Sep,1:00
BionicBlueRogue,CAN,2025-09-24T03:00:00,24-Sep,3:00
GauntlyDJ,NZL,2025-09-24T05:00:00,24-Sep,5:00
GauntlyDJ,NZL,2025-09-24T07:00:00,24-Sep,7:00
Shapelessdnb,NLD,2025-09-24T09:00:00,24-Sep,9:00
celestial_dnb,GBR,2025-09-24T11:00:00,24-Sep,11:00
TotalRage_,NLD,2025-09-24T13:00:00,24-Sep,13:00
STEUPdnb,BEL,2025-09-24T15:00:00,24-Sep,15:00
ApocDnB,GBR,2025-09-24T17:00:00,24-Sep,17:00
NiekMusic,NLD,2025-09-24T19:00:00,24-Sep,19:00
FizzxMusic,CAN,2025-09-24T21:00:00,24-Sep,21:00
AnielaSera,USA,2025-09-24T23:00:00,24-Sep,23:00
neonAbby,,2025-09-25T01:00:00,25-Sep,1:00
Needlenose,CAN,2025-09-25T03:00:00,25-Sep,3:00
NAND_OR_DnB,DEU,2025-09-25T05:00:00,25-Sep,5:00
DJ_R0N1N,CAN,2025-09-25T07:00:00,25-Sep,7:00
,,2025-09-25T09:00:00,25-Sep,9:00
matters44,DEU,2025-09-25T11:00:00,25-Sep,11:00
MariaTurme,ESP,2025-09-25T13:00:00,25-Sep,13:00
STEUPdnb,BEL,2025-09-25T15:00:00,25-Sep,15:00
POLYMATHIC,NLD,2025-09-25T17:00:00,25-Sep,17:00
POLYMATHIC,NLD,2025-09-25T19:00:00,25-Sep,19:00
POLYMATHIC,NLD,2025-09-25T21:00:00,25-Sep,21:00
djMoases,,2025-09-25T23:00:00,25-Sep,23:00
EZEHdnb,,2025-09-26T01:00:00,26-Sep,1:00
neonAbby,,2025-09-26T03:00:00,26-Sep,3:00
NAND_OR_DnB,DEU,2025-09-26T05:00:00,26-Sep,5:00
NAND_OR_DnB,DEU,2025-09-26T07:00:00,26-Sep,7:00
MatthewMJB,GBR,2025-09-26T09:00:00,26-Sep,9:00
thelevia,SWE,2025-09-26T11:00:00,26-Sep,11:00
foodfarmer,USA,2025-09-26T13:00:00,26-Sep,13:00
foodfarmer,USA,2025-09-26T15:00:00,26-Sep,15:00
ikonicmusic,,2025-09-26T17:00:00,26-Sep,17:00
ApocDnB,GBR,2025-09-26T19:00:00,26-Sep,19:00
skybassevents,NLD,2025-09-26T21:00:00,26-Sep,21:00
skybassevents,NLD,2025-09-26T23:00:00,26-Sep,23:00
skybassevents,NLD,2025-09-27T01:00:00,27-Sep,1:00
BiG_DoC,CAN,2025-09-27T03:00:00,27-Sep,3:00
kio_beats,,2025-09-27T05:00:00,27-Sep,5:00
Shapelessdnb,NLD,2025-09-27T07:00:00,27-Sep,7:00
KeyboardMedic,,2025-09-27T09:00:00,27-Sep,9:00
BreeeZeDNB,EST,2025-09-27T11:00:00,27-Sep,11:00
drivetodnb,CAN,2025-09-27T13:00:00,27-Sep,13:00
OrbitStage,DEU,2025-09-27T15:00:00,27-Sep,15:00
OrbitStage,DEU,2025-09-27T17:00:00,27-Sep,17:00
OrbitStage,DEU,2025-09-27T19:00:00,27-Sep,19:00
kio_beats,,2025-09-27T21:00:00,27-Sep,21:00
TotalRage_,NLD,2025-09-27T23:00:00,27-Sep,23:00
TotalRage_,NLD,2025-09-28T01:00:00,28-Sep,1:00
drivetodnb,CAN,2025-09-28T03:00:00,28-Sep,3:00
InvisAnthar,CAN,2025-09-28T05:00:00,28-Sep,5:00
Loverka_1,GBR,2025-09-28T07:00:00,28-Sep,7:00
KeyboardMedic,,2025-09-28T09:00:00,28-Sep,9:00
BreeeZeDNB,EST,2025-09-28T11:00:00,28-Sep,11:00
KitsaoDJ,GBR,2025-09-28T13:00:00,28-Sep,13:00
ApocDnB,GBR,2025-09-28T15:00:00,28-Sep,15:00
POLYMATHIC,NLD,2025-09-28T17:00:00,28-Sep,17:00
POLYMATHIC,NLD,2025-09-28T19:00:00,28-Sep,19:00
POLYMATHIC,NLD,2025-09-28T21:00:00,28-Sep,21:00
elozyz,CAN,2025-09-28T23:00:00,28-Sep,23:00
InvisAnthar,CAN,2025-09-29T01:00:00,29-Sep,1:00
kio_beats,,2025-09-29T03:00:00,29-Sep,3:00
BiG_DoC,CAN,2025-09-29T05:00:00,29-Sep,5:00
TotalRage_,NLD,2025-09-29T07:00:00,29-Sep,7:00
TotalRage_,NLD,2025-09-29T09:00:00,29-Sep,9:00
MatthewMJB,GBR,2025-09-29T11:00:00,29-Sep,11:00
Mystery2k,AUT,2025-09-29T13:00:00,29-Sep,13:00
Mystery2k,AUT,2025-09-29T15:00:00,29-Sep,15:00
xDavidko,,2025-09-29T17:00:00,29-Sep,17:00
MattiveDNB,NLD,2025-09-29T19:00:00,29-Sep,19:00
FizzxMusic,CAN,2025-09-29T21:00:00,29-Sep,21:00
foodfarmer,USA,2025-09-29T23:00:00,29-Sep,23:00
kio_beats,,2025-09-30T01:00:00,30-Sep,1:00
TheWillSee,USA,2025-09-30T03:00:00,30-Sep,3:00
NAND_OR_DnB,DEU,2025-09-30T05:00:00,30-Sep,5:00
NAND_OR_DnB,DEU,2025-09-30T07:00:00,30-Sep,7:00
MariaTurme,ESP,2025-09-30T09:00:00,30-Sep,9:00
matters44,DEU,2025-09-30T11:00:00,30-Sep,11:00
tonkabmusic,GBR,2025-09-30T13:00:00,30-Sep,13:00
TotalRage_,NLD,2025-09-30T15:00:00,30-Sep,15:00
POLYMATHIC,NLD,2025-09-30T17:00:00,30-Sep,17:00
POLYMATHIC,NLD,2025-09-30T19:00:00,30-Sep,19:00
POLYMATHIC,NLD,2025-09-30T21:00:00,30-Sep,21:00
elozyz,CAN,2025-09-30T23:00:00,30-Sep,23:00
EZEHdnb,,2025-10-01T01:00:00,1-Oct,1:00
drivetodnb,CAN,2025-10-01T03:00:00,1-Oct,3:00
NAND_OR_DnB,DEU,2025-10-01T05:00:00,1-Oct,5:00
NAND_OR_DnB,DEU,2025-10-01T07:00:00,1-Oct,7:00
TotalRage_,NLD,2025-10-01T09:00:00,1-Oct,9:00
TotalRage_,NLD,2025-10-01T11:00:00,1-Oct,11:00
POLYMATHIC,NLD,2025-10-01T13:00:00,1-Oct,13:00
POLYMATHIC,NLD,2025-10-01T15:00:00,1-Oct,15:00
POLYMATHIC,NLD,2025-10-01T17:00:00,1-Oct,17:00
POLYMATHIC,NLD,2025-10-01T19:00:00,1-Oct,19:00
POLYMATHIC,NLD,2025-10-01T21:00:00,1-Oct,21:00
POLYMATHIC,NLD,2025-10-01T23:00:00,1-Oct,23:00
